
<rpc-reply xmlns:junos="http://xml.juniper.net/junos/12.3X48/junos">
    <route-information xmlns="http://xml.juniper.net/junos/12.3X48/junos-routing">
        <!-- keepalive -->
        <route-table>
            <table-name>inet.0</table-name>
            <destination-count>64</destination-count>
            <total-route-count>65</total-route-count>
            <active-route-count>63</active-route-count>
            <holddown-route-count>0</holddown-route-count>
            <hidden-route-count>1</hidden-route-count>
            <rt junos:style="brief">
                <rt-destination>10.1.2.50/32</rt-destination>
                <rt-entry>
                    <active-tag>*</active-tag>
                    <current-active/>
                    <last-active/>
                    <protocol-name>Static</protocol-name>
                    <preference>5</preference>
                    <age junos:seconds="33751516">55w5d 15:25:16</age>
                    <nh>
                        <selected-next-hop/>
                        <to>10.68.93.1</to>
                        <via>fxp0.0</via>
                    </nh>
                </rt-entry>
            </rt>
            <rt junos:style="brief">
                <rt-destination>10.1.2.51/32</rt-destination>
                <rt-entry>
                    <active-tag>*</active-tag>
                    <current-active/>
                    <last-active/>
                    <protocol-name>Static</protocol-name>
                    <preference>5</preference>
                    <age junos:seconds="33751516">55w5d 15:25:16</age>
                    <nh>
                        <selected-next-hop/>
                        <to>10.7.93.77</to>
                        <via>fxp0.0</via>
                    </nh>
                </rt-entry>
            </rt>
            <rt junos:style="brief">
                <rt-destination>10.1.9.11/32</rt-destination>
                <rt-entry>
                    <active-tag>*</active-tag>
                    <current-active/>
                    <last-active/>
                    <protocol-name>Static</protocol-name>
                    <preference>5</preference>
                    <age junos:seconds="33751516">55w5d 15:25:16</age>
                    <nh>
                        <selected-next-hop/>
                        <to>10.68.93.1</to>
                        <via>fxp0.0</via>
                    </nh>
                </rt-entry>
            </rt>
            <rt junos:style="brief">
                <rt-destination>10.1.9.12/32</rt-destination>
                <rt-entry>
                    <active-tag>*</active-tag>
                    <current-active/>
                    <last-active/>
                    <protocol-name>Static</protocol-name>
                    <preference>5</preference>
                    <age junos:seconds="33751516">55w5d 15:25:16</age>
                    <nh>
                        <selected-next-hop/>
                        <to>10.68.93.1</to>
                        <via>fxp0.0</via>
                    </nh>
                </rt-entry>
            </rt>
            <rt junos:style="brief">
                <rt-destination>10.1.103.113/32</rt-destination>
                <rt-entry>
                    <active-tag>*</active-tag>
                    <current-active/>
                    <last-active/>
                    <protocol-name>Static</protocol-name>
                    <preference>5</preference>
                    <age junos:seconds="33751516">55w5d 15:25:16</age>
                    <nh>
                        <selected-next-hop/>
                        <to>10.68.93.1</to>
                        <via>fxp0.0</via>
                    </nh>
                </rt-entry>
            </rt>
            <rt junos:style="brief">
                <rt-destination>10.1.105.0/25</rt-destination>
                <rt-entry>
                    <active-tag>*</active-tag>
                    <current-active/>
                    <last-active/>
                    <protocol-name>Static</protocol-name>
                    <preference>5</preference>
                    <age junos:seconds="33751516">55w5d 15:25:16</age>
                    <nh>
                        <selected-next-hop/>
                        <to>10.68.93.1</to>
                        <via>fxp0.0</via>
                    </nh>
                </rt-entry>
            </rt>
            <rt junos:style="brief">
                <rt-destination>10.2.25.28/32</rt-destination>
                <rt-entry>
                    <active-tag>*</active-tag>
                    <current-active/>
                    <last-active/>
                    <protocol-name>Static</protocol-name>
                    <preference>5</preference>
                    <age junos:seconds="33751516">55w5d 15:25:16</age>
                    <nh>
                        <selected-next-hop/>
                        <to>10.68.93.1</to>
                        <via>fxp0.0</via>
                    </nh>
                </rt-entry>
            </rt>
            <rt junos:style="brief">
                <rt-destination>10.2.25.42/32</rt-destination>
                <rt-entry>
                    <active-tag>*</active-tag>
                    <current-active/>
                    <last-active/>
                    <protocol-name>Static</protocol-name>
                    <preference>5</preference>
                    <age junos:seconds="33751516">55w5d 15:25:16</age>
                    <nh>
                        <selected-next-hop/>
                        <to>10.68.93.1</to>
                        <via>fxp0.0</via>
                    </nh>
                </rt-entry>
            </rt>
            <rt junos:style="brief">
                <rt-destination>10.2.143.0/24</rt-destination>
                <rt-entry>
                    <active-tag>*</active-tag>
                    <current-active/>
                    <last-active/>
                    <protocol-name>Static</protocol-name>
                    <preference>5</preference>
                    <age junos:seconds="33751516">55w5d 15:25:16</age>
                    <nh>
                        <selected-next-hop/>
                        <to>10.68.93.1</to>
                        <via>fxp0.0</via>
                    </nh>
                </rt-entry>
            </rt>
            <rt junos:style="brief">
                <rt-destination>10.2.143.1/32</rt-destination>
                <rt-entry>
                    <active-tag>*</active-tag>
                    <current-active/>
                    <last-active/>
                    <protocol-name>Static</protocol-name>
                    <preference>5</preference>
                    <age junos:seconds="33751516">55w5d 15:25:16</age>
                    <nh>
                        <selected-next-hop/>
                        <to>10.68.93.1</to>
                        <via>fxp0.0</via>
                    </nh>
                </rt-entry>
            </rt>
            <rt junos:style="brief">
                <rt-destination>10.2.143.13/32</rt-destination>
                <rt-entry>
                    <active-tag>*</active-tag>
                    <current-active/>
                    <last-active/>
                    <protocol-name>Static</protocol-name>
                    <preference>5</preference>
                    <age junos:seconds="33751516">55w5d 15:25:16</age>
                    <nh>
                        <selected-next-hop/>
                        <to>10.68.93.1</to>
                        <via>fxp0.0</via>
                    </nh>
                </rt-entry>
            </rt>
            <rt junos:style="brief">
                <rt-destination>10.2.143.23/32</rt-destination>
                <rt-entry>
                    <active-tag>*</active-tag>
                    <current-active/>
                    <last-active/>
                    <protocol-name>Static</protocol-name>
                    <preference>5</preference>
                    <age junos:seconds="33751516">55w5d 15:25:16</age>
                    <nh>
                        <selected-next-hop/>
                        <to>10.68.93.1</to>
                        <via>fxp0.0</via>
                    </nh>
                </rt-entry>
            </rt>
            <rt junos:style="brief">
                <rt-destination>10.2.143.24/32</rt-destination>
                <rt-entry>
                    <active-tag>*</active-tag>
                    <current-active/>
                    <last-active/>
                    <protocol-name>Static</protocol-name>
                    <preference>5</preference>
                    <age junos:seconds="33751516">55w5d 15:25:16</age>
                    <nh>
                        <selected-next-hop/>
                        <to>10.68.93.1</to>
                        <via>fxp0.0</via>
                    </nh>
                </rt-entry>
            </rt>
            <rt junos:style="brief">
                <rt-destination>10.2.165.145/32</rt-destination>
                <rt-entry>
                    <active-tag>*</active-tag>
                    <current-active/>
                    <last-active/>
                    <protocol-name>Static</protocol-name>
                    <preference>5</preference>
                    <age junos:seconds="33751516">55w5d 15:25:16</age>
                    <nh>
                        <selected-next-hop/>
                        <to>10.68.93.1</to>
                        <via>fxp0.0</via>
                    </nh>
                </rt-entry>
            </rt>
            <rt junos:style="brief">
                <rt-destination>10.2.165.229/32</rt-destination>
                <rt-entry>
                    <active-tag>*</active-tag>
                    <current-active/>
                    <last-active/>
                    <protocol-name>Static</protocol-name>
                    <preference>5</preference>
                    <age junos:seconds="33751516">55w5d 15:25:16</age>
                    <nh>
                        <selected-next-hop/>
                        <to>10.68.93.1</to>
                        <via>fxp0.0</via>
                    </nh>
                </rt-entry>
            </rt>
            <rt junos:style="brief">
                <rt-destination>10.2.165.230/32</rt-destination>
                <rt-entry>
                    <active-tag>*</active-tag>
                    <current-active/>
                    <last-active/>
                    <protocol-name>Static</protocol-name>
                    <preference>5</preference>
                    <age junos:seconds="33751516">55w5d 15:25:16</age>
                    <nh>
                        <selected-next-hop/>
                        <to>10.68.93.1</to>
                        <via>fxp0.0</via>
                    </nh>
                </rt-entry>
            </rt>
            <rt junos:style="brief">
                <rt-destination>10.2.166.15/32</rt-destination>
                <rt-entry>
                    <active-tag>*</active-tag>
                    <current-active/>
                    <last-active/>
                    <protocol-name>Static</protocol-name>
                    <preference>5</preference>
                    <age junos:seconds="33751516">55w5d 15:25:16</age>
                    <nh>
                        <selected-next-hop/>
                        <to>10.68.93.1</to>
                        <via>fxp0.0</via>
                    </nh>
                </rt-entry>
            </rt>
            <rt junos:style="brief">
                <rt-destination>10.2.166.25/32</rt-destination>
                <rt-entry>
                    <active-tag>*</active-tag>
                    <current-active/>
                    <last-active/>
                    <protocol-name>Static</protocol-name>
                    <preference>5</preference>
                    <age junos:seconds="33751516">55w5d 15:25:16</age>
                    <nh>
                        <selected-next-hop/>
                        <to>10.68.93.1</to>
                        <via>fxp0.0</via>
                    </nh>
                </rt-entry>
            </rt>
            <rt junos:style="brief">
                <rt-destination>10.2.166.91/32</rt-destination>
                <rt-entry>
                    <active-tag>*</active-tag>
                    <current-active/>
                    <last-active/>
                    <protocol-name>Static</protocol-name>
                    <preference>5</preference>
                    <age junos:seconds="33751516">55w5d 15:25:16</age>
                    <nh>
                        <selected-next-hop/>
                        <to>10.68.93.1</to>
                        <via>fxp0.0</via>
                    </nh>
                </rt-entry>
            </rt>
            <rt junos:style="brief">
                <rt-destination>10.2.166.254/32</rt-destination>
                <rt-entry>
                    <active-tag>*</active-tag>
                    <current-active/>
                    <last-active/>
                    <protocol-name>Static</protocol-name>
                    <preference>5</preference>
                    <age junos:seconds="33751516">55w5d 15:25:16</age>
                    <nh>
                        <selected-next-hop/>
                        <to>10.68.93.1</to>
                        <via>fxp0.0</via>
                    </nh>
                </rt-entry>
            </rt>
            <rt junos:style="brief">
                <rt-destination>10.2.167.226/32</rt-destination>
                <rt-entry>
                    <active-tag>*</active-tag>
                    <current-active/>
                    <last-active/>
                    <protocol-name>Static</protocol-name>
                    <preference>5</preference>
                    <age junos:seconds="33751516">55w5d 15:25:16</age>
                    <nh>
                        <selected-next-hop/>
                        <to>10.68.93.1</to>
                        <via>fxp0.0</via>
                    </nh>
                </rt-entry>
            </rt>
            <rt junos:style="brief">
                <rt-destination>10.2.172.157/32</rt-destination>
                <rt-entry>
                    <active-tag>*</active-tag>
                    <current-active/>
                    <last-active/>
                    <protocol-name>Static</protocol-name>
                    <preference>5</preference>
                    <age junos:seconds="33751516">55w5d 15:25:16</age>
                    <nh>
                        <selected-next-hop/>
                        <to>10.68.93.1</to>
                        <via>fxp0.0</via>
                    </nh>
                </rt-entry>
            </rt>
            <rt junos:style="brief">
                <rt-destination>10.2.175.145/32</rt-destination>
                <rt-entry>
                    <active-tag>*</active-tag>
                    <current-active/>
                    <last-active/>
                    <protocol-name>Static</protocol-name>
                    <preference>5</preference>
                    <age junos:seconds="33751516">55w5d 15:25:16</age>
                    <nh>
                        <selected-next-hop/>
                        <to>10.68.93.1</to>
                        <via>fxp0.0</via>
                    </nh>
                </rt-entry>
            </rt>
            <rt junos:style="brief">
                <rt-destination>10.6.1.134/32</rt-destination>
                <rt-entry>
                    <active-tag>*</active-tag>
                    <current-active/>
                    <last-active/>
                    <protocol-name>Static</protocol-name>
                    <preference>5</preference>
                    <age junos:seconds="33751516">55w5d 15:25:16</age>
                    <nh>
                        <selected-next-hop/>
                        <to>10.68.93.1</to>
                        <via>fxp0.0</via>
                    </nh>
                </rt-entry>
            </rt>
            <rt junos:style="brief">
                <rt-destination>10.6.1.159/32</rt-destination>
                <rt-entry>
                    <active-tag>*</active-tag>
                    <current-active/>
                    <last-active/>
                    <protocol-name>Static</protocol-name>
                    <preference>5</preference>
                    <age junos:seconds="33751516">55w5d 15:25:16</age>
                    <nh>
                        <selected-next-hop/>
                        <to>10.68.93.1</to>
                        <via>fxp0.0</via>
                    </nh>
                </rt-entry>
            </rt>
            <rt junos:style="brief">
                <rt-destination>10.6.65.103/32</rt-destination>
                <rt-entry>
                    <active-tag>*</active-tag>
                    <current-active/>
                    <last-active/>
                    <protocol-name>Static</protocol-name>
                    <preference>5</preference>
                    <age junos:seconds="33751516">55w5d 15:25:16</age>
                    <nh>
                        <selected-next-hop/>
                        <to>10.68.93.1</to>
                        <via>fxp0.0</via>
                    </nh>
                </rt-entry>
            </rt>
            <rt junos:style="brief">
                <rt-destination>10.6.105.0/25</rt-destination>
                <rt-entry>
                    <active-tag>*</active-tag>
                    <current-active/>
                    <last-active/>
                    <protocol-name>Static</protocol-name>
                    <preference>5</preference>
                    <age junos:seconds="33751516">55w5d 15:25:16</age>
                    <nh>
                        <selected-next-hop/>
                        <to>10.68.93.1</to>
                        <via>fxp0.0</via>
                    </nh>
                </rt-entry>
            </rt>
            <rt junos:style="brief">
                <rt-destination>10.6.200.37/32</rt-destination>
                <rt-entry>
                    <active-tag>*</active-tag>
                    <current-active/>
                    <last-active/>
                    <protocol-name>Static</protocol-name>
                    <preference>5</preference>
                    <age junos:seconds="33751516">55w5d 15:25:16</age>
                    <nh>
                        <selected-next-hop/>
                        <to>10.68.93.1</to>
                        <via>fxp0.0</via>
                    </nh>
                </rt-entry>
            </rt>
            <rt junos:style="brief">
                <rt-destination>10.13.98.179/32</rt-destination>
                <rt-entry>
                    <active-tag>*</active-tag>
                    <current-active/>
                    <last-active/>
                    <protocol-name>Static</protocol-name>
                    <preference>5</preference>
                    <age junos:seconds="33751516">55w5d 15:25:16</age>
                    <nh>
                        <selected-next-hop/>
                        <to>10.68.93.1</to>
                        <via>fxp0.0</via>
                    </nh>
                </rt-entry>
            </rt>
            <rt junos:style="brief">
                <rt-destination>10.14.44.39/32</rt-destination>
                <rt-entry>
                    <active-tag>*</active-tag>
                    <current-active/>
                    <last-active/>
                    <protocol-name>Static</protocol-name>
                    <preference>5</preference>
                    <age junos:seconds="33751516">55w5d 15:25:16</age>
                    <nh>
                        <selected-next-hop/>
                        <to>10.68.93.1</to>
                        <via>fxp0.0</via>
                    </nh>
                </rt-entry>
            </rt>
            <rt junos:style="brief">
                <rt-destination>10.14.65.65/32</rt-destination>
                <rt-entry>
                    <active-tag>*</active-tag>
                    <current-active/>
                    <last-active/>
                    <protocol-name>Static</protocol-name>
                    <preference>5</preference>
                    <age junos:seconds="33751516">55w5d 15:25:16</age>
                    <nh>
                        <selected-next-hop/>
                        <to>10.68.93.1</to>
                        <via>fxp0.0</via>
                    </nh>
                </rt-entry>
            </rt>
            <rt junos:style="brief">
                <rt-destination>10.14.161.70/32</rt-destination>
                <rt-entry>
                    <active-tag>*</active-tag>
                    <current-active/>
                    <last-active/>
                    <protocol-name>Static</protocol-name>
                    <preference>5</preference>
                    <age junos:seconds="33751516">55w5d 15:25:16</age>
                    <nh>
                        <selected-next-hop/>
                        <to>10.68.93.1</to>
                        <via>fxp0.0</via>
                    </nh>
                </rt-entry>
            </rt>
            <rt junos:style="brief">
                <rt-destination>10.14.161.160/32</rt-destination>
                <rt-entry>
                    <active-tag>*</active-tag>
                    <current-active/>
                    <last-active/>
                    <protocol-name>Static</protocol-name>
                    <preference>5</preference>
                    <age junos:seconds="33751516">55w5d 15:25:16</age>
                    <nh>
                        <selected-next-hop/>
                        <to>10.68.93.1</to>
                        <via>fxp0.0</via>
                    </nh>
                </rt-entry>
            </rt>
            <rt junos:style="brief">
                <rt-destination>10.14.161.171/32</rt-destination>
                <rt-entry>
                    <active-tag>*</active-tag>
                    <current-active/>
                    <last-active/>
                    <protocol-name>Static</protocol-name>
                    <preference>5</preference>
                    <age junos:seconds="33751516">55w5d 15:25:16</age>
                    <nh>
                        <selected-next-hop/>
                        <to>10.68.93.1</to>
                        <via>fxp0.0</via>
                    </nh>
                </rt-entry>
            </rt>
            <rt junos:style="brief">
                <rt-destination>10.14.161.173/32</rt-destination>
                <rt-entry>
                    <active-tag>*</active-tag>
                    <current-active/>
                    <last-active/>
                    <protocol-name>Static</protocol-name>
                    <preference>5</preference>
                    <age junos:seconds="33751516">55w5d 15:25:16</age>
                    <nh>
                        <selected-next-hop/>
                        <to>10.68.93.1</to>
                        <via>fxp0.0</via>
                    </nh>
                </rt-entry>
            </rt>
            <rt junos:style="brief">
                <rt-destination>10.14.161.175/32</rt-destination>
                <rt-entry>
                    <active-tag>*</active-tag>
                    <current-active/>
                    <last-active/>
                    <protocol-name>Static</protocol-name>
                    <preference>5</preference>
                    <age junos:seconds="33751516">55w5d 15:25:16</age>
                    <nh>
                        <selected-next-hop/>
                        <to>10.68.93.1</to>
                        <via>fxp0.0</via>
                    </nh>
                </rt-entry>
            </rt>
            <rt junos:style="brief">
                <rt-destination>10.14.161.176/32</rt-destination>
                <rt-entry>
                    <active-tag>*</active-tag>
                    <current-active/>
                    <last-active/>
                    <protocol-name>Static</protocol-name>
                    <preference>5</preference>
                    <age junos:seconds="33751516">55w5d 15:25:16</age>
                    <nh>
                        <selected-next-hop/>
                        <to>10.68.93.1</to>
                        <via>fxp0.0</via>
                    </nh>
                </rt-entry>
            </rt>
            <rt junos:style="brief">
                <rt-destination>10.14.161.179/32</rt-destination>
                <rt-entry>
                    <active-tag>*</active-tag>
                    <current-active/>
                    <last-active/>
                    <protocol-name>Static</protocol-name>
                    <preference>5</preference>
                    <age junos:seconds="33751516">55w5d 15:25:16</age>
                    <nh>
                        <selected-next-hop/>
                        <to>10.68.93.1</to>
                        <via>fxp0.0</via>
                    </nh>
                </rt-entry>
            </rt>
            <rt junos:style="brief">
                <rt-destination>10.14.161.182/32</rt-destination>
                <rt-entry>
                    <active-tag>*</active-tag>
                    <current-active/>
                    <last-active/>
                    <protocol-name>Static</protocol-name>
                    <preference>5</preference>
                    <age junos:seconds="33751516">55w5d 15:25:16</age>
                    <nh>
                        <selected-next-hop/>
                        <to>10.68.93.1</to>
                        <via>fxp0.0</via>
                    </nh>
                </rt-entry>
            </rt>
            <rt junos:style="brief">
                <rt-destination>10.14.217.63/32</rt-destination>
                <rt-entry>
                    <active-tag>*</active-tag>
                    <current-active/>
                    <last-active/>
                    <protocol-name>Static</protocol-name>
                    <preference>5</preference>
                    <age junos:seconds="33751516">55w5d 15:25:16</age>
                    <nh>
                        <selected-next-hop/>
                        <to>10.68.93.1</to>
                        <via>fxp0.0</via>
                    </nh>
                </rt-entry>
            </rt>
            <rt junos:style="brief">
                <rt-destination>10.15.59.182/32</rt-destination>
                <rt-entry>
                    <active-tag>*</active-tag>
                    <current-active/>
                    <last-active/>
                    <protocol-name>Static</protocol-name>
                    <preference>5</preference>
                    <age junos:seconds="33751516">55w5d 15:25:16</age>
                    <nh>
                        <selected-next-hop/>
                        <to>10.68.93.1</to>
                        <via>fxp0.0</via>
                    </nh>
                </rt-entry>
            </rt>
            <rt junos:style="brief">
                <rt-destination>10.32.2.151/32</rt-destination>
                <rt-entry>
                    <active-tag>*</active-tag>
                    <current-active/>
                    <last-active/>
                    <protocol-name>Static</protocol-name>
                    <preference>5</preference>
                    <age junos:seconds="33751516">55w5d 15:25:16</age>
                    <nh>
                        <nh-table>IT-Outside-VR.inet.0</nh-table>
                    </nh>
                </rt-entry>
            </rt>
            <rt junos:style="brief">
                <rt-destination>10.64.80.10/32</rt-destination>
                <rt-entry>
                    <active-tag>*</active-tag>
                    <current-active/>
                    <last-active/>
                    <protocol-name>Static</protocol-name>
                    <preference>5</preference>
                    <age junos:seconds="33751516">55w5d 15:25:16</age>
                    <nh>
                        <selected-next-hop/>
                        <to>10.68.93.1</to>
                        <via>fxp0.0</via>
                    </nh>
                </rt-entry>
            </rt>
            <rt junos:style="brief">
                <rt-destination>10.64.97.0/28</rt-destination>
                <rt-entry>
                    <active-tag>*</active-tag>
                    <current-active/>
                    <last-active/>
                    <protocol-name>Static</protocol-name>
                    <preference>5</preference>
                    <age junos:seconds="33751516">55w5d 15:25:16</age>
                    <nh>
                        <selected-next-hop/>
                        <to>10.68.93.1</to>
                        <via>fxp0.0</via>
                    </nh>
                </rt-entry>
            </rt>
            <rt junos:style="brief">
                <rt-destination>10.64.161.160/32</rt-destination>
                <rt-entry>
                    <active-tag>*</active-tag>
                    <current-active/>
                    <last-active/>
                    <protocol-name>Static</protocol-name>
                    <preference>5</preference>
                    <age junos:seconds="33751516">55w5d 15:25:16</age>
                    <nh>
                        <selected-next-hop/>
                        <to>10.68.93.1</to>
                        <via>fxp0.0</via>
                    </nh>
                </rt-entry>
            </rt>
            <rt junos:style="brief">
                <rt-destination>10.64.161.171/32</rt-destination>
                <rt-entry>
                    <active-tag>*</active-tag>
                    <current-active/>
                    <last-active/>
                    <protocol-name>Static</protocol-name>
                    <preference>5</preference>
                    <age junos:seconds="33751516">55w5d 15:25:16</age>
                    <nh>
                        <selected-next-hop/>
                        <to>10.68.93.1</to>
                        <via>fxp0.0</via>
                    </nh>
                </rt-entry>
            </rt>
            <rt junos:style="brief">
                <rt-destination>10.64.161.173/32</rt-destination>
                <rt-entry>
                    <active-tag>*</active-tag>
                    <current-active/>
                    <last-active/>
                    <protocol-name>Static</protocol-name>
                    <preference>5</preference>
                    <age junos:seconds="33751516">55w5d 15:25:16</age>
                    <nh>
                        <selected-next-hop/>
                        <to>10.68.93.1</to>
                        <via>fxp0.0</via>
                    </nh>
                </rt-entry>
            </rt>
            <rt junos:style="brief">
                <rt-destination>10.64.161.175/32</rt-destination>
                <rt-entry>
                    <active-tag>*</active-tag>
                    <current-active/>
                    <last-active/>
                    <protocol-name>Static</protocol-name>
                    <preference>5</preference>
                    <age junos:seconds="33751516">55w5d 15:25:16</age>
                    <nh>
                        <selected-next-hop/>
                        <to>10.68.93.1</to>
                        <via>fxp0.0</via>
                    </nh>
                </rt-entry>
            </rt>
            <rt junos:style="brief">
                <rt-destination>10.64.161.176/32</rt-destination>
                <rt-entry>
                    <active-tag>*</active-tag>
                    <current-active/>
                    <last-active/>
                    <protocol-name>Static</protocol-name>
                    <preference>5</preference>
                    <age junos:seconds="33751516">55w5d 15:25:16</age>
                    <nh>
                        <selected-next-hop/>
                        <to>10.68.93.1</to>
                        <via>fxp0.0</via>
                    </nh>
                </rt-entry>
            </rt>
            <rt junos:style="brief">
                <rt-destination>10.64.161.179/32</rt-destination>
                <rt-entry>
                    <active-tag>*</active-tag>
                    <current-active/>
                    <last-active/>
                    <protocol-name>Static</protocol-name>
                    <preference>5</preference>
                    <age junos:seconds="33751516">55w5d 15:25:16</age>
                    <nh>
                        <selected-next-hop/>
                        <to>10.68.93.1</to>
                        <via>fxp0.0</via>
                    </nh>
                </rt-entry>
            </rt>
            <rt junos:style="brief">
                <rt-destination>10.64.161.190/32</rt-destination>
                <rt-entry>
                    <active-tag>*</active-tag>
                    <current-active/>
                    <last-active/>
                    <protocol-name>Static</protocol-name>
                    <preference>5</preference>
                    <age junos:seconds="33751516">55w5d 15:25:16</age>
                    <nh>
                        <selected-next-hop/>
                        <to>10.68.93.1</to>
                        <via>fxp0.0</via>
                    </nh>
                </rt-entry>
            </rt>
            <rt junos:style="brief">
                <rt-destination>10.64.165.20/32</rt-destination>
                <rt-entry>
                    <active-tag>*</active-tag>
                    <current-active/>
                    <last-active/>
                    <protocol-name>Static</protocol-name>
                    <preference>5</preference>
                    <age junos:seconds="33751516">55w5d 15:25:16</age>
                    <nh>
                        <nh-table>IT-Outside-VR.inet.0</nh-table>
                    </nh>
                </rt-entry>
            </rt>
            <rt junos:style="brief">
                <rt-destination>10.64.165.31/32</rt-destination>
                <rt-entry>
                    <active-tag>*</active-tag>
                    <current-active/>
                    <last-active/>
                    <protocol-name>Static</protocol-name>
                    <preference>5</preference>
                    <age junos:seconds="33751516">55w5d 15:25:16</age>
                    <nh>
                        <nh-table>IT-Outside-VR.inet.0</nh-table>
                    </nh>
                </rt-entry>
            </rt>
            <rt junos:style="brief">
                <rt-destination>10.64.165.65/32</rt-destination>
                <rt-entry>
                    <active-tag>*</active-tag>
                    <current-active/>
                    <last-active/>
                    <protocol-name>Static</protocol-name>
                    <preference>5</preference>
                    <age junos:seconds="33751516">55w5d 15:25:16</age>
                    <nh>
                        <selected-next-hop/>
                        <to>10.68.93.1</to>
                        <via>fxp0.0</via>
                    </nh>
                </rt-entry>
            </rt>
            <rt junos:style="brief">
                <rt-destination>10.64.165.67/32</rt-destination>
                <rt-entry>
                    <active-tag>*</active-tag>
                    <current-active/>
                    <last-active/>
                    <protocol-name>Static</protocol-name>
                    <preference>5</preference>
                    <age junos:seconds="33751516">55w5d 15:25:16</age>
                    <nh>
                        <selected-next-hop/>
                        <to>10.68.93.1</to>
                        <via>fxp0.0</via>
                    </nh>
                </rt-entry>
            </rt>
            <rt junos:style="brief">
                <rt-destination>10.64.165.78/32</rt-destination>
                <rt-entry>
                    <active-tag>*</active-tag>
                    <current-active/>
                    <last-active/>
                    <protocol-name>Static</protocol-name>
                    <preference>5</preference>
                    <age junos:seconds="33751516">55w5d 15:25:16</age>
                    <nh>
                        <nh-table>IT-Outside-VR.inet.0</nh-table>
                    </nh>
                </rt-entry>
            </rt>
            <rt junos:style="brief">
                <rt-destination>10.64.165.120/29</rt-destination>
                <rt-entry>
                    <active-tag>*</active-tag>
                    <current-active/>
                    <last-active/>
                    <protocol-name>Static</protocol-name>
                    <preference>5</preference>
                    <age junos:seconds="12503998">20w4d 17:19:58</age>
                    <nh>
                        <selected-next-hop/>
                        <to>10.68.93.1</to>
                        <via>fxp0.0</via>
                    </nh>
                </rt-entry>
            </rt>
            <rt junos:style="brief">
                <rt-destination>10.64.165.240/32</rt-destination>
                <rt-entry>
                    <active-tag>*</active-tag>
                    <current-active/>
                    <last-active/>
                    <protocol-name>Static</protocol-name>
                    <preference>5</preference>
                    <age junos:seconds="33751516">55w5d 15:25:16</age>
                    <nh>
                        <selected-next-hop/>
                        <to>10.68.93.1</to>
                        <via>fxp0.0</via>
                    </nh>
                </rt-entry>
            </rt>
            <rt junos:style="brief">
                <rt-destination>10.66.120.0/24</rt-destination>
                <rt-entry>
                    <active-tag>*</active-tag>
                    <current-active/>
                    <last-active/>
                    <protocol-name>Static</protocol-name>
                    <preference>5</preference>
                    <age junos:seconds="33751516">55w5d 15:25:16</age>
                    <nh>
                        <selected-next-hop/>
                        <to>10.68.93.1</to>
                        <via>fxp0.0</via>
                    </nh>
                </rt-entry>
            </rt>
            <rt junos:style="brief">
                <rt-destination>10.68.93.0/26</rt-destination>
                <rt-entry>
                    <active-tag>*</active-tag>
                    <current-active/>
                    <last-active/>
                    <protocol-name>Direct</protocol-name>
                    <preference>0</preference>
                    <age junos:seconds="33751516">55w5d 15:25:16</age>
                    <nh>
                        <selected-next-hop/>
                        <via>fxp0.0</via>
                    </nh>
                </rt-entry>
            </rt>
            <rt junos:style="brief">
                <rt-destination>10.68.93.7/32</rt-destination>
                <rt-entry>
                    <active-tag>*</active-tag>
                    <current-active/>
                    <last-active/>
                    <protocol-name>Local</protocol-name>
                    <preference>0</preference>
                    <age junos:seconds="33751516">55w5d 15:25:16</age>
                    <nh-type>Local</nh-type>
                    <nh>
                        <nh-local-interface>fxp0.0</nh-local-interface>
                    </nh>
                </rt-entry>
            </rt>
            <rt junos:style="brief">
                <rt-destination>10.68.93.9/32</rt-destination>
                <rt-entry>
                    <active-tag>*</active-tag>
                    <current-active/>
                    <last-active/>
                    <protocol-name>Local</protocol-name>
                    <preference>0</preference>
                    <age junos:seconds="33751516">55w5d 15:25:16</age>
                    <nh-type>Local</nh-type>
                    <nh>
                        <nh-local-interface>fxp0.0</nh-local-interface>
                    </nh>
                </rt-entry>
            </rt>
            <rt junos:style="brief">
                <rt-destination>10.73.44.39/32</rt-destination>
                <rt-entry>
                    <active-tag>*</active-tag>
                    <current-active/>
                    <last-active/>
                    <protocol-name>Static</protocol-name>
                    <preference>5</preference>
                    <age junos:seconds="33751516">55w5d 15:25:16</age>
                    <nh>
                        <selected-next-hop/>
                        <to>10.68.93.1</to>
                        <via>fxp0.0</via>
                    </nh>
                </rt-entry>
            </rt>
        </route-table>
        <route-table>
            <table-name>DND-Outside-VR.inet.0</table-name>
            <destination-count>5</destination-count>
            <total-route-count>6</total-route-count>
            <active-route-count>5</active-route-count>
            <holddown-route-count>0</holddown-route-count>
            <hidden-route-count>0</hidden-route-count>
            <rt junos:style="brief">
                <rt-destination>0.0.0.0/0</rt-destination>
                <rt-entry>
                    <active-tag>*</active-tag>
                    <current-active/>
                    <last-active/>
                    <protocol-name>Static</protocol-name>
                    <preference>5</preference>
                    <age junos:seconds="33751368">55w5d 15:22:48</age>
                    <nh>
                        <selected-next-hop/>
                        <to>10.68.251.17</to>
                        <via>reth2.992</via>
                    </nh>
                </rt-entry>
            </rt>
            <rt junos:style="brief">
                <rt-destination>10.68.212.0/24</rt-destination>
                <rt-entry>
                    <active-tag>*</active-tag>
                    <current-active/>
                    <last-active/>
                    <protocol-name>Direct</protocol-name>
                    <preference>0</preference>
                    <age junos:seconds="33751368">55w5d 15:22:48</age>
                    <nh>
                        <selected-next-hop/>
                        <via>reth3.212</via>
                    </nh>
                </rt-entry>
            </rt>
            <rt junos:style="brief">
                <rt-destination>10.68.212.1/32</rt-destination>
                <rt-entry>
                    <active-tag>*</active-tag>
                    <current-active/>
                    <last-active/>
                    <protocol-name>Local</protocol-name>
                    <preference>0</preference>
                    <age junos:seconds="33751516">55w5d 15:25:16</age>
                    <nh-type>Local</nh-type>
                    <nh>
                        <nh-local-interface>reth3.212</nh-local-interface>
                    </nh>
                </rt-entry>
            </rt>
            <rt junos:style="brief">
                <rt-destination>10.68.251.16/28</rt-destination>
                <rt-entry>
                    <active-tag>*</active-tag>
                    <current-active/>
                    <last-active/>
                    <protocol-name>Direct</protocol-name>
                    <preference>0</preference>
                    <age junos:seconds="33751368">55w5d 15:22:48</age>
                    <nh>
                        <selected-next-hop/>
                        <via>reth2.992</via>
                    </nh>
                </rt-entry>
            </rt>
            <rt junos:style="brief">
                <rt-destination>10.68.251.20/32</rt-destination>
                <rt-entry>
                    <active-tag>*</active-tag>
                    <current-active/>
                    <last-active/>
                    <protocol-name>Local</protocol-name>
                    <preference>0</preference>
                    <age junos:seconds="33751516">55w5d 15:25:16</age>
                    <nh-type>Local</nh-type>
                    <nh>
                        <nh-local-interface>reth2.992</nh-local-interface>
                    </nh>
                </rt-entry>
            </rt>
        </route-table>
        <route-table>
            <table-name>DND-VR.inet.0</table-name>
            <destination-count>3</destination-count>
            <total-route-count>3</total-route-count>
            <active-route-count>3</active-route-count>
            <holddown-route-count>0</holddown-route-count>
            <hidden-route-count>0</hidden-route-count>
            <rt junos:style="brief">
                <rt-destination>0.0.0.0/0</rt-destination>
                <rt-entry>
                    <active-tag>*</active-tag>
                    <current-active/>
                    <last-active/>
                    <protocol-name>Static</protocol-name>
                    <preference>5</preference>
                    <age junos:seconds="33751516">55w5d 15:25:16</age>
                    <nh>
                        <nh-table>DND-Outside-VR.inet.0</nh-table>
                    </nh>
                </rt-entry>
            </rt>
            <rt junos:style="brief">
                <rt-destination>10.68.212.0/24</rt-destination>
                <rt-entry>
                    <active-tag>*</active-tag>
                    <current-active/>
                    <last-active/>
                    <protocol-name>Direct</protocol-name>
                    <preference>0</preference>
                    <age junos:seconds="33751368">55w5d 15:22:48</age>
                    <nh>
                        <selected-next-hop/>
                        <via>reth3.212</via>
                    </nh>
                </rt-entry>
            </rt>
            <rt junos:style="brief">
                <rt-destination>10.68.212.1/32</rt-destination>
                <rt-entry>
                    <active-tag>*</active-tag>
                    <current-active/>
                    <last-active/>
                    <protocol-name>Local</protocol-name>
                    <preference>0</preference>
                    <age junos:seconds="33751516">55w5d 15:25:16</age>
                    <nh-type>Local</nh-type>
                    <nh>
                        <nh-local-interface>reth3.212</nh-local-interface>
                    </nh>
                </rt-entry>
            </rt>
        </route-table>
        <route-table>
            <table-name>IT-Outside-VR.inet.0</table-name>
            <destination-count>3</destination-count>
            <total-route-count>3</total-route-count>
            <active-route-count>3</active-route-count>
            <holddown-route-count>0</holddown-route-count>
            <hidden-route-count>0</hidden-route-count>
            <rt junos:style="brief">
                <rt-destination>0.0.0.0/0</rt-destination>
                <rt-entry>
                    <active-tag>*</active-tag>
                    <current-active/>
                    <last-active/>
                    <protocol-name>Static</protocol-name>
                    <preference>5</preference>
                    <age junos:seconds="33751362">55w5d 15:22:42</age>
                    <nh>
                        <selected-next-hop/>
                        <to>10.68.255.17</to>
                        <via>reth0.997</via>
                    </nh>
                </rt-entry>
            </rt>
            <rt junos:style="brief">
                <rt-destination>10.68.255.16/28</rt-destination>
                <rt-entry>
                    <active-tag>*</active-tag>
                    <current-active/>
                    <last-active/>
                    <protocol-name>Direct</protocol-name>
                    <preference>0</preference>
                    <age junos:seconds="33751362">55w5d 15:22:42</age>
                    <nh>
                        <selected-next-hop/>
                        <via>reth0.997</via>
                    </nh>
                </rt-entry>
            </rt>
            <rt junos:style="brief">
                <rt-destination>10.68.255.20/32</rt-destination>
                <rt-entry>
                    <active-tag>*</active-tag>
                    <current-active/>
                    <last-active/>
                    <protocol-name>Local</protocol-name>
                    <preference>0</preference>
                    <age junos:seconds="33751516">55w5d 15:25:16</age>
                    <nh-type>Local</nh-type>
                    <nh>
                        <nh-local-interface>reth0.997</nh-local-interface>
                    </nh>
                </rt-entry>
            </rt>
        </route-table>
    </route-information>
    <cli>
        <banner>{primary:node0}</banner>
    </cli>
</rpc-reply>
