
<rpc-reply xmlns:junos="http://xml.juniper.net/junos/12.3X48/junos">
    <route-information xmlns="http://xml.juniper.net/junos/12.3X48/junos-routing">
        <!-- keepalive -->
        <route-table>
            <table-name>inet.0</table-name>
            <destination-count>64</destination-count>
            <total-route-count>65</total-route-count>
            <active-route-count>63</active-route-count>
            <holddown-route-count>0</holddown-route-count>
            <hidden-route-count>1</hidden-route-count>
            <rt junos:style="brief">
                <rt-destination>10.1.2.50/32</rt-destination>
                <rt-entry>
                    <active-tag>*</active-tag>
                    <current-active/>
                    <last-active/>
                    <protocol-name>Static</protocol-name>
                    <preference>5</preference>
                    <age junos:seconds="33751516">55w5d 15:25:16</age>
                    <nh>
                        <selected-next-hop/>
                        
                        <via>Second-fxp0.0</via>
                    </nh>
                </rt-entry>
            </rt>
            
        </route-table>
    </route-information>
    <cli>
        <banner>{primary:node0}</banner>
    </cli>
</rpc-reply>
